{"train_loss": [0.04846638288370089, 0.047070422149666544, 0.04743762306621102, 0.042590558567291985, 0.03830055431762782, 0.03750851515095514, 0.03927434279372818, 0.03831377548825045, 0.0350254567735569, 0.03357595066116048], "val_loss": [0.046902667798715526, 0.0352057474424114, 0.0306898345777686, 0.03265317095516036, 0.04543979587722272, 0.029744580092806887, 0.027573364508315223, 0.025007983865088436, 0.028030907563504952, 0.02508527909913333], "val_acc": [0.9879404362416108, 0.9903523489932886, 0.9920302013422818, 0.9907718120805369, 0.9855285234899329, 0.9930788590604026, 0.9931837248322147, 0.993498322147651, 0.9922399328859061, 0.9931837248322147]}